{
	"class_name" : "PinholeCameraParameters",
	"extrinsic" : 
	[
		0.96761480791780363,
		0.072258296338630179,
		-0.24186839832526838,
		0.0,
		-0.018228440916046695,
		-0.93565269115773642,
		-0.35245108238031525,
		0.0,
		-0.2517723325545565,
		0.34544577018618178,
		-0.90403424294686618,
		0.0,
		-0.1201573592106215,
		0.2571586567887324,
		0.66418941529469167,
		1.0
	],
	"intrinsic" : 
	{
		"height" : 1025,
		"intrinsic_matrix" : 
		[
			887.67603887904966,
			0.0,
			0.0,
			0.0,
			887.67603887904966,
			0.0,
			926.0,
			512.0,
			1.0
		],
		"width" : 1853
	},
	"version_major" : 1,
	"version_minor" : 0
}